CodeContinentFAO;ContinentFr;CodeZoneContinentFAO;ZoneContinentFrFAO;RegionEnWB;IncomeGroupWB;FAOZoneCode;ZoneFrFAO;ShortNameEnWB;TableNameEnWB;LongNameEnWB;AlphaISO3;WDICountry.ALPHACountryCodeWB;Note;WDICountry.2-alphaCode;WDICountry.WB-2 code;WDICountry.CurrencyUnit;WDICountry.SpecialNotesWB;FAO_M49Code
5300;Asie;5303;Asie méridionale;South Asia;Low income;2;Afghanistan;Afghanistan;Afghanistan;Islamic State of Afghanistan;AFG;AFG;;AF;AF;Afghan afghani;"The reporting period for national accounts data is designated as either calendar year basis (CY) or fiscal year basis (FY). For this country, it is fiscal year-based (fiscal year-end: March 20). Also, an estimate (PA.NUS.ATLS) of the exchange rate covers the same period and thus differs from the official exchange rate (CY).

In addition, the World Bank systematically assesses the appropriateness of official exchange rates as conversion factors. In this country, multiple or dual exchange rate activity exists and must be accounted for appropriately in underlying statistics. An alternative estimate (“alternative conversion factor” - PA.NUS.ATLS) is thus calculated as a weighted average of the different exchange rates in use in the country. Doing so better reflects economic reality and leads to more accurate cross-country comparisons and country classifications by income level. For this country, this applies to the period 1960-2006. Alternative conversion factors are used in the Atlas methodology and elsewhere in World Development Indicators as single-year conversion factors.";4
5400;Europe;5403;Europe méridionale;Europe & Central Asia;Upper middle income;3;Albanie;Albania;Albania;Republic of Albania;ALB;ALB;;AL;AL;Albanian lek;;8
5100;Afrique;5103;Afrique septentrionale;Middle East & North Africa;Lower middle income;4;Algérie;Algeria;Algeria;People's Democratic Republic of Algeria;DZA;DZA;;DZ;DZ;Algerian dinar;;12
5400;Europe;5403;Europe méridionale;Europe & Central Asia;High income;6;Andorra;Andorra;Andorra;Principality of Andorra;AND;AND;;AD;AD;Euro;;20
5100;Afrique;5102;Afrique centrale;Sub-Saharan Africa;Lower middle income;7;Angola;Angola;Angola;People's Republic of Angola;AGO;AGO;;AO;AO;Angolan kwanza;The World Bank systematically assesses the appropriateness of official exchange rates as conversion factors. In this country, multiple or dual exchange rate activity exists and must be accounted for appropriately in underlying statistics. An alternative estimate (“alternative conversion factor” - PA.NUS.ATLS) is thus calculated as a weighted average of the different exchange rates in use in the country. Doing so better reflects economic reality and leads to more accurate cross-country comparisons and country classifications by income level. For this country, this applies to the period 1994-2021. Alternative conversion factors are used in the Atlas methodology and elsewhere in World Development Indicators as single-year conversion factors.;24
5400;Europe;5404;Europe occidentale;Europe & Central Asia;High income;79;Allemagne;Germany;Germany;Federal Republic of Germany;DEU;DEU;;DE;DE;Euro;A simple multiplier is used to convert the national currencies of EMU members to euros. The following irrevocable euro conversion rate was adopted by the EU Council on January 1, 1999: 1 euro = 1.95583 Deutsche Mark. Please note that historical data before 1999 are not actual euros and are not comparable or suitable for aggregation across countries.;276
5200;Amériques;5206;Caraïbes;Latin America & Caribbean;High income;8;Antigua-et-Barbuda;Antigua and Barbuda;Antigua and Barbuda;Antigua and Barbuda;ATG;ATG;;AG;AG;East Caribbean dollar;;28
5200;Amériques;5207;Amérique du Sud;Latin America & Caribbean;Upper middle income;9;Argentine;Argentina;Argentina;Argentine Republic;ARG;ARG;;AR;AR;Argentine peso;The World Bank systematically assesses the appropriateness of official exchange rates as conversion factors. In this country, multiple or dual exchange rate activity exists and must be accounted for appropriately in underlying statistics. An alternative estimate (“alternative conversion factor” - PA.NUS.ATLS) is thus calculated as a weighted average of the different exchange rates in use in the country. Doing so better reflects economic reality and leads to more accurate cross-country comparisons and country classifications by income level. For this country, this applies to the period 1971-2018. Alternative conversion factors are used in the Atlas methodology and elsewhere in World Development Indicators as single-year conversion factors.;32
5300;Asie;5305;Asie occidentale;Europe & Central Asia;Upper middle income;1;Arménie;Armenia;Armenia;Republic of Armenia;ARM;ARM;Ex URSS;AM;AM;Armenian dram;;51
5500;Océanie;5501;Australie et Nouvelle-Zélande;East Asia & Pacific;High income;10;Australie;Australia;Australia;Commonwealth of Australia;AUS;AUS;;AU;AU;Australian dollar;The reporting period for national accounts data is designated as either calendar year basis (CY) or fiscal year basis (FY). For this country, it is fiscal year-based (fiscal year-end: June 30). Also, an estimate (PA.NUS.ATLS) of the exchange rate covers the same period and thus differs from the official exchange rate (CY).;36
5400;Europe;5404;Europe occidentale;Europe & Central Asia;High income;11;Autriche;Austria;Austria;Republic of Austria;AUT;AUT;;AT;AT;Euro;A simple multiplier is used to convert the national currencies of EMU members to euros. The following irrevocable euro conversion rate was adopted by the EU Council on January 1, 1999: 1 euro = 13.7603 Austrian schilling. Please note that historical data before 1999 are not actual euros and are not comparable or suitable for aggregation across countries.;40
5300;Asie;5305;Asie occidentale;Middle East & North Africa;High income;194;Arabie saoudite;Saudi Arabia;Saudi Arabia;Kingdom of Saudi Arabia;SAU;SAU;Moyen Orient ;SA;SA;Saudi Arabian riyal;;682
5300;Asie;5305;Asie occidentale;Europe & Central Asia;Upper middle income;52;Azerbaïdjan;Azerbaijan;Azerbaijan;Republic of Azerbaijan;AZE;AZE;Ex URSS;AZ;AZ;New Azeri manat;;31
5300;Asie;5305;Asie occidentale;Middle East & North Africa;High income;225;Émirats arabes unis;United Arab Emirates;United Arab Emirates;United Arab Emirates;ARE;ARE;Moyen Orient ;AE;AE;U.A.E. dirham;;784
5200;Amériques;5206;Caraïbes;Latin America & Caribbean;High income;12;Bahamas;The Bahamas;Bahamas, The;Commonwealth of The Bahamas;BHS;BHS;;BS;BS;Bahamian dollar;;44
5300;Asie;5305;Asie occidentale;Middle East & North Africa;High income;13;Bahreïn;Bahrain;Bahrain;Kingdom of Bahrain;BHR;BHR;Moyen Orient  (uptade1);BH;BH;Bahraini dinar;;48
5300;Asie;5303;Asie méridionale;South Asia;Lower middle income;16;Bangladesh;Bangladesh;Bangladesh;People's Republic of Bangladesh;BGD;BGD;;BD;BD;Bangladeshi taka;The reporting period for national accounts data is designated as either calendar year basis (CY) or fiscal year basis (FY). For this country, it is fiscal year-based (fiscal year-end: June 30). Also, an estimate (PA.NUS.ATLS) of the exchange rate covers the same period and thus differs from the official exchange rate (CY).;50
5200;Amériques;5206;Caraïbes;Latin America & Caribbean;High income;14;Barbade;Barbados;Barbados;Barbados;BRB;BRB;;BB;BB;Barbados dollar;;52
5400;Europe;5401;Europe orientale;Europe & Central Asia;Upper middle income;57;Bélarus;Belarus;Belarus;Republic of Belarus;BLR;BLR;Ex URSS;BY;BY;Belarusian rubel;Data before 2015 were adjusted to reflect the new denomination effective from July 1, 2016 (BYN), a decrease of 10,000 times (1 BYN = 10,000 BYR);112
5400;Europe;5404;Europe occidentale;Europe & Central Asia;High income;255;Belgique;Belgium;Belgium;Kingdom of Belgium;BEL;BEL;;BE;BE;Euro;A simple multiplier is used to convert the national currencies of EMU members to euros. The following irrevocable euro conversion rate was adopted by the EU Council on January 1, 1999: 1 euro = 40.3399 Belgian franc. Please note that historical data before 1999 are not actual euros and are not comparable or suitable for aggregation across countries.;56
5400;Europe;5404;Europe occidentale;Europe & Central Asia;High income;255;Belgique-Luxembourg;Belgium;Belgium;Kingdom of Belgium;BEL;BEL;Affectation Be car pop Be 10Mhb  > pop Lux 4-6mhab;BE;BE;Euro;A simple multiplier is used to convert the national currencies of EMU members to euros. The following irrevocable euro conversion rate was adopted by the EU Council on January 1, 1999: 1 euro = 40.3399 Belgian franc. Please note that historical data before 1999 are not actual euros and are not comparable or suitable for aggregation across countries.;56
5200;Amériques;5204;Amérique centrale;Latin America & Caribbean;Upper middle income;23;Belize;Belize;Belize;Belize;BLZ;BLZ;;BZ;BZ;Belize dollar;;84
5100;Afrique;5105;Afrique occidentale;Sub-Saharan Africa;Lower middle income;53;Bénin;Benin;Benin;Republic of Benin;BEN;BEN;;BJ;BJ;West African CFA franc;;204
5200;Amériques;5207;Amérique septentrionale;North America;High income;17;Bermudes;Bermuda;Bermuda;The Bermudas;BMU;BMU;Update1;BM;BM;Bermuda dollar;;60
5300;Asie;5303;Asie méridionale;South Asia;Lower middle income;18;Bhoutan;Bhutan;Bhutan;Kingdom of Bhutan;BTN;BTN;Update1;BT;BT;Bhutanese ngultrum;;64
5100;Afrique;5101;Afrique orientale;Sub-Saharan Africa;Low income;29;Burundi;Burundi;Burundi;Republic of Burundi;BDI;BDI;;BI;BI;Burundi franc;The World Bank systematically assesses the appropriateness of official exchange rates as conversion factors. In this country, multiple or dual exchange rate activity exists and must be accounted for appropriately in underlying statistics. An alternative estimate (“alternative conversion factor” - PA.NUS.ATLS) is thus calculated as a weighted average of the different exchange rates in use in the country. Doing so better reflects economic reality and leads to more accurate cross-country comparisons and country classifications by income level. For this country, this applies to the period 1983-2021. Alternative conversion factors are used in the Atlas methodology and elsewhere in World Development Indicators as single-year conversion factors.;108
5200;Amériques;5207;Amérique du Sud;Latin America & Caribbean;Lower middle income;19;Bolivie (État plurinational de);Bolivia;Bolivia;Plurinational State of Bolivia;BOL;BOL;;BO;BO;Bolivian Boliviano;;68
5400;Europe;5403;Europe méridionale;Europe & Central Asia;Upper middle income;80;Bosnie-Herzégovine;Bosnia and Herzegovina;Bosnia and Herzegovina;Bosnia and Herzegovina;BIH;BIH;Yougoslavie;BA;BA;Bosnia and Herzegovina convertible mark;;70
5100;Afrique;5104;Afrique australe;Sub-Saharan Africa;Upper middle income;20;Botswana;Botswana;Botswana;Republic of Botswana;BWA;BWA;;BW;BW;Botswana pula;;72
5200;Amériques;5207;Amérique du Sud;Latin America & Caribbean;Upper middle income;21;Brésil;Brazil;Brazil;Federative Republic of Brazil;BRA;BRA;;BR;BR;Brazilian real;;76
5300;Asie;5304;Asie du Sud-Est;East Asia & Pacific;High income;26;Brunéi Darussalam;Brunei;Brunei Darussalam;Brunei Darussalam;BRN;BRN;Update1;BN;BN;Brunei dollar;;96
5400;Europe;5401;Europe orientale;Europe & Central Asia;Upper middle income;27;Bulgarie;Bulgaria;Bulgaria;Republic of Bulgaria;BGR;BGR;;BG;BG;Bulgarian lev;;100
5100;Afrique;5105;Afrique occidentale;Sub-Saharan Africa;Low income;233;Burkina Faso;Burkina Faso;Burkina Faso;Burkina Faso;BFA;BFA;;BF;BF;West African CFA franc;;854
5100;Afrique;5105;Afrique occidentale;Sub-Saharan Africa;Lower middle income;35;Cabo Verde;Cabo Verde;Cabo Verde;Republic of Cabo Verde;CPV;CPV;;CV;CV;Cabo Verde escudo;;132
5300;Asie;5304;Asie du Sud-Est;East Asia & Pacific;Lower middle income;115;Cambodge;Cambodia;Cambodia;Kingdom of Cambodia;KHM;KHM;;KH;KH;Cambodian riel;The World Bank systematically assesses the appropriateness of official exchange rates as conversion factors. In this country, multiple or dual exchange rate activity exists and must be accounted for appropriately in underlying statistics. An alternative estimate (“alternative conversion factor” - PA.NUS.ATLS) is thus calculated as a weighted average of the different exchange rates in use in the country. Doing so better reflects economic reality and leads to more accurate cross-country comparisons and country classifications by income level. For this country, this applies to the period 1963-2004. Alternative conversion factors are used in the Atlas methodology and elsewhere in World Development Indicators as single-year conversion factors.;116
5100;Afrique;5102;Afrique centrale;Sub-Saharan Africa;Lower middle income;32;Cameroun;Cameroon;Cameroon;Republic of Cameroon;CMR;CMR;;CM;CM;Central African CFA franc;;120
5200;Amériques;5203;Amérique septentrionale;North America;High income;33;Canada;Canada;Canada;Canada;CAN;CAN;;CA;CA;Canadian dollar;"Fiscal year end: March 31; reporting period for national accounts data: CY.";124
5100;Afrique;5102;Afrique centrale;Sub-Saharan Africa;Low income;37;République centrafricaine;Central African Republic;Central African Republic;Central African Republic;CAF;CAF;;CF;CF;Central African CFA franc;;140
5100;Afrique;5102;Afrique centrale;Sub-Saharan Africa;Low income;39;Tchad;Chad;Chad;Republic of Chad;TCD;TCD;;TD;TD;Central African CFA franc;;148
5200;Amériques;5207;Amérique du Sud;Latin America & Caribbean;High income;40;Chili;Chile;Chile;Republic of Chile;CHL;CHL;;CL;CL;Chilean peso;;152
5300;Asie;5302;Asie orientale;East Asia & Pacific;Upper middle income;351;Chine;China;China;People's Republic of China;CHN;CHN;;CN;CN;Chinese yuan;"On 1 July 1997 China resumed its exercise of sovereignty over Hong Kong, and on 20 December 1999, China resumed its exercise of sovereignty over Macao. Unless otherwise noted, data for China do not include data for Hong Kong SAR, China; Macao SAR, China; or Taiwan, China.

The World Bank systematically assesses the appropriateness of official exchange rates as conversion factors. In this country, multiple or dual exchange rate activity exists and must be accounted for appropriately in underlying statistics. An alternative estimate (“alternative conversion factor” - PA.NUS.ATLS) is thus calculated as a weighted average of the different exchange rates in use in the country. Doing so better reflects economic reality and leads to more accurate cross-country comparisons and country classifications by income level. For this country, this applies to the period 1978-1993. Alternative conversion factors are used in the Atlas methodology and elsewhere in World Development Indicators as single-year conversion factors.";159
5300;Asie;5302;Asie orientale;East Asia & Pacific;Upper middle income;351;Chine (exc. Hong-Kong et Macao);China;China;People's Republic of China;CHN;CHN;Uptade1 Aide Alim;CN;CN;Chinese yuan;"On 1 July 1997 China resumed its exercise of sovereignty over Hong Kong, and on 20 December 1999, China resumed its exercise of sovereignty over Macao. Unless otherwise noted, data for China do not include data for Hong Kong SAR, China; Macao SAR, China; or Taiwan, China.

The World Bank systematically assesses the appropriateness of official exchange rates as conversion factors. In this country, multiple or dual exchange rate activity exists and must be accounted for appropriately in underlying statistics. An alternative estimate (“alternative conversion factor” - PA.NUS.ATLS) is thus calculated as a weighted average of the different exchange rates in use in the country. Doing so better reflects economic reality and leads to more accurate cross-country comparisons and country classifications by income level. For this country, this applies to the period 1978-1993. Alternative conversion factors are used in the Atlas methodology and elsewhere in World Development Indicators as single-year conversion factors.";159
5300;Asie;5302;Asie orientale;East Asia & Pacific;Upper middle income;351;Chine, continentale;China;China;People's Republic of China;CHN;CHN;Chine;CN;CN;Chinese yuan;"On 1 July 1997 China resumed its exercise of sovereignty over Hong Kong, and on 20 December 1999, China resumed its exercise of sovereignty over Macao. Unless otherwise noted, data for China do not include data for Hong Kong SAR, China; Macao SAR, China; or Taiwan, China.

The World Bank systematically assesses the appropriateness of official exchange rates as conversion factors. In this country, multiple or dual exchange rate activity exists and must be accounted for appropriately in underlying statistics. An alternative estimate (“alternative conversion factor” - PA.NUS.ATLS) is thus calculated as a weighted average of the different exchange rates in use in the country. Doing so better reflects economic reality and leads to more accurate cross-country comparisons and country classifications by income level. For this country, this applies to the period 1978-1993. Alternative conversion factors are used in the Atlas methodology and elsewhere in World Development Indicators as single-year conversion factors.";159
5300;Asie;5302;Asie orientale;East Asia & Pacific;High income;96;Chine - RAS de Hong-Kong;Hong Kong SAR, China;Hong Kong SAR, China;Hong Kong Special Administrative Region of the People's Republic of China;HKG;HKG;;HK;HK;Hong Kong dollar;"On 1 July 1997 China resumed its exercise of sovereignty over Hong Kong. Unless otherwise noted, data for China do not include data for Hong Kong SAR, China; Macao SAR, China; or Taiwan, China. Agriculture value added includes mining and quarrying.";344
5300;Asie;5302;Asie orientale;East Asia & Pacific;High income;128;Chine - RAS de Macao;Macao SAR, China;Macao SAR, China;Macao Special Administrative Region of the People's Republic of China;MAC;MAC;;MO;MO;Macao pataca;"On 20 December 1999 China resumed its exercise of sovereignty over Macao. Unless otherwise noted, data for China do not include data for Hong Kong SAR, China; Macao SAR, China; or Taiwan, China.";446
5200;Amériques;5207;Amérique du Sud;Latin America & Caribbean;Upper middle income;44;Colombie;Colombia;Colombia;Republic of Colombia;COL;COL;;CO;CO;Colombian peso;;170
5100;Afrique;5101;Afrique orientale;Sub-Saharan Africa;Lower middle income;45;Comores;Comoros;Comoros;Union of the Comoros;COM;COM;;KM;KM;Comorian franc;;174
5100;Afrique;5102;Afrique centrale;Sub-Saharan Africa;Lower middle income;46;Congo;Congo;Congo, Rep.;Republic of Congo;COG;COG;;CG;CG;Central African CFA franc;;178
5400;Europe;5404;Europe occidentale;Europe & Central Asia;High income;211;Suisse;Switzerland;Switzerland;Switzerland;CHE;CHE;;CH;CH;Swiss franc;;756
5200;Amériques;5204;Amérique centrale;Latin America & Caribbean;Upper middle income;48;Costa Rica;Costa Rica;Costa Rica;Republic of Costa Rica;CRI;CRI;;CR;CR;Costa Rican colon;;188
5100;Afrique;5105;Afrique occidentale;Sub-Saharan Africa;Lower middle income;107;Côte d'Ivoire;Côte d'Ivoire;Côte d'Ivoire;Republic of Côte d'Ivoire;CIV;CIV;;CI;CI;West African CFA franc;;384
5400;Europe;5403;Europe méridionale;Europe & Central Asia;High income;98;Croatie;Croatia;Croatia;Republic of Croatia;HRV;HRV;Yougoslavie;HR;HR;Croatian kuna;;191
5200;Amériques;5206;Caraïbes;Latin America & Caribbean;Upper middle income;49;Cuba;Cuba;Cuba;Republic of Cuba;CUB;CUB;;CU;CU;Cuban peso;;192
5300;Asie;5305;Asie occidentale;Europe & Central Asia;High income;50;Chypre;Cyprus;Cyprus;Republic of Cyprus;CYP;CYP;Moyen Orient ;CY;CY;Euro;A simple multiplier is used to convert the national currencies of EMU members to euros. The following irrevocable euro conversion rate entered into force on January 1, 2008: 1 euro = 0.585274 Cyprus pounds. Please note that historical data are not actual euros and are not comparable or suitable for aggregation across countries.;196
5400;Europe;5401;Europe orientale;Europe & Central Asia;High income;167;Tchécoslovaquie;Czech Republic;Czech Republic;Czech Republic;CZE;CZE;Affectation Tchéquie  :  Pop2020   TCH 10 Mhab. / Slov 5 Mhab.;CZ;CZ;Czech koruna;;203
5400;Europe;5401;Europe orientale;Europe & Central Asia;High income;167;Tchéquie;Czech Republic;Czech Republic;Czech Republic;CZE;CZE;;CZ;CZ;Czech koruna;;203
5300;Asie;5302;Asie orientale;East Asia & Pacific;Low income;116;République populaire démocratique de Corée;Dem. People's Rep. Korea;Korea, Dem. People's Rep.;Democratic People's Republic of Korea;PRK;PRK;;KP;KP;Democratic People's Republic of Korean won;;408
5100;Afrique;5102;Afrique centrale;Sub-Saharan Africa;Low income;250;République démocratique du Congo;Dem. Rep. Congo;Congo, Dem. Rep.;Democratic Republic of the Congo;COD;COD;;CD;ZR;Congolese franc;The World Bank systematically assesses the appropriateness of official exchange rates as conversion factors. In this country, multiple or dual exchange rate activity exists and must be accounted for appropriately in underlying statistics. An alternative estimate (“alternative conversion factor” - PA.NUS.ATLS) is thus calculated as a weighted average of the different exchange rates in use in the country. Doing so better reflects economic reality and leads to more accurate cross-country comparisons and country classifications by income level. For this country, this applies to the period 1999-2004. Alternative conversion factors are used in the Atlas methodology and elsewhere in World Development Indicators as single-year conversion factors.;180
5400;Europe;5402;Europe septentrionale;Europe & Central Asia;High income;54;Danemark;Denmark;Denmark;Kingdom of Denmark;DNK;DNK;;DK;DK;Danish krone;;208
5100;Afrique;5101;Afrique orientale;Middle East & North Africa;Lower middle income;72;Djibouti;Djibouti;Djibouti;Republic of Djibouti;DJI;DJI;;DJ;DJ;Djibouti franc;;262
5200;Amériques;5206;Caraïbes;Latin America & Caribbean;Upper middle income;55;Dominique;Dominica;Dominica;Commonwealth of Dominica;DMA;DMA;;DM;DM;East Caribbean dollar;;212
5200;Amériques;5206;Caraïbes;Latin America & Caribbean;Upper middle income;56;République dominicaine;Dominican Republic;Dominican Republic;Dominican Republic;DOM;DOM;;DO;DO;Dominican peso;;214
5200;Amériques;5207;Amérique du Sud;Latin America & Caribbean;Upper middle income;58;Équateur;Ecuador;Ecuador;Republic of Ecuador;ECU;ECU;;EC;EC;U.S. dollar;;218
5100;Afrique;5103;Afrique septentrionale;Middle East & North Africa;Lower middle income;59;Égypte;Egypt;Egypt, Arab Rep.;Arab Republic of Egypt;EGY;EGY;;EG;EG;Egyptian pound;"The reporting period for national accounts data is designated as either calendar year basis (CY) or fiscal year basis (FY). For this country, it is fiscal year-based (fiscal year-end: June 30) for the years 1980 and after. The data from 1973 to 1979 refer to the calendar year data. Also, an estimate (PA.NUS.ATLS) of the exchange rate covers the same period and thus differs from the official exchange rate (CY). 

In addition, the World Bank systematically assesses the appropriateness of official exchange rates as conversion factors. In this country, multiple or dual exchange rate activity exists and must be accounted for appropriately in underlying statistics. An alternative estimate (“alternative conversion factor” - PA.NUS.ATLS) is thus calculated as a weighted average of the different exchange rates in use in the country. Doing so better reflects economic reality and leads to more accurate cross-country comparisons and country classifications by income level. For this country, this applies to the period 1965-2021. Alternative conversion factors are used in the Atlas methodology and elsewhere in World Development Indicators as single-year conversion factors.";818
5200;Amériques;5204;Amérique centrale;Latin America & Caribbean;Lower middle income;60;El Salvador;El Salvador;El Salvador;Republic of El Salvador;SLV;SLV;;SV;SV;U.S. dollar;;222
5100;Afrique;5102;Afrique centrale;Sub-Saharan Africa;Upper middle income;61;Guinée équatoriale;Equatorial Guinea;Equatorial Guinea;Republic of Equatorial Guinea;GNQ;GNQ;Update1;GQ;GQ;Central African CFA franc;;226
5100;Afrique;5101;Afrique orientale;Sub-Saharan Africa;Low income;178;Érythrée;Eritrea;Eritrea;State of Eritrea;ERI;ERI;Update1;ER;ER;Eritrean nakfa;The World Bank systematically assesses the appropriateness of official exchange rates as conversion factors. In this country, multiple or dual exchange rate activity exists and must be accounted for appropriately in underlying statistics. An alternative estimate (“alternative conversion factor” - PA.NUS.ATLS) is thus calculated as a weighted average of the different exchange rates in use in the country. Doing so better reflects economic reality and leads to more accurate cross-country comparisons and country classifications by income level. For this country, this applies to the period 1992-1997. Alternative conversion factors are used in the Atlas methodology and elsewhere in World Development Indicators as single-year conversion factors.;232
5400;Europe;5402;Europe septentrionale;Europe & Central Asia;High income;63;Estonie;Estonia;Estonia;Republic of Estonia;EST;EST;Ex URSS;EE;EE;Euro;The following irrevocable euro conversion rate entered into force on January 1, 2011: 1 euro = 15.6466 Estonian kroon. Please note that historical data are not actual euros and are not comparable or suitable for aggregation across countries.;233
5100;Afrique;5104;Afrique australe;Sub-Saharan Africa;Lower middle income;209;Eswatini;Eswatini;Eswatini;Kingdom of Eswatini;SWZ;SWZ;;SZ;SZ;Swazi lilangeni;"Fiscal year end: March 31; reporting period for national accounts data: CY. Authorities revised national accounts from 1999 to 2015.";748
5100;Afrique;5101;Afrique orientale;Sub-Saharan Africa;Low income;238;Éthiopie;Ethiopia;Ethiopia;Federal Democratic Republic of Ethiopia;ETH;ETH;;ET;ET;Ethiopian birr;The reporting period for national accounts data is designated as either calendar year basis (CY) or fiscal year basis (FY). For this country, it is fiscal year-based (fiscal year-end: July 7). Also, an estimate (PA.NUS.ATLS) of the exchange rate covers the same period and thus differs from the official exchange rate (CY).;231
5100;Afrique;5101;Afrique orientale;Sub-Saharan Africa;Low income;238;Éthiopie RDP;Ethiopia;Ethiopia;Federal Democratic Republic of Ethiopia;ETH;ETH;Ethopie;ET;ET;Ethiopian birr;The reporting period for national accounts data is designated as either calendar year basis (CY) or fiscal year basis (FY). For this country, it is fiscal year-based (fiscal year-end: July 7). Also, an estimate (PA.NUS.ATLS) of the exchange rate covers the same period and thus differs from the official exchange rate (CY).;231
5500;Océanie;5502;Mélanésie;East Asia & Pacific;Upper middle income;66;Fidji;Fiji;Fiji;Republic of Fiji;FJI;FJI;;FJ;FJ;Fijian dollar;;242
5400;Europe;5402;Europe septentrionale;Europe & Central Asia;High income;67;Finlande;Finland;Finland;Republic of Finland;FIN;FIN;;FI;FI;Euro;A simple multiplier is used to convert the national currencies of EMU members to euros. The following irrevocable euro conversion rate was adopted by the EU Council on January 1, 1999: 1 euro = 5.94573 Finnish markka. Please note that historical data before 1999 are not actual euros and are not comparable or suitable for aggregation across countries.;246
5400;Europe;5404;Europe occidentale;Europe & Central Asia;High income;68;France;France;France;French Republic;FRA;FRA;;FR;FR;Euro;The following irrevocable euro conversion rate was adopted by the EU Council on January 1, 1999: 1 euro = 6.55957 French franc. Please note that historical data before 1999 are not actual euros and are not comparable or suitable for aggregation across countries.;250
5500;Océanie;5504;Polynésie;East Asia & Pacific;High income;70;Polynésie française;French Polynesia;French Polynesia;French Polynesia;PYF;PYF;;PF;PF;CFP franc;;258
5100;Afrique;5102;Afrique centrale;Sub-Saharan Africa;Upper middle income;74;Gabon;Gabon;Gabon;Gabonese Republic;GAB;GAB;;GA;GA;Central African CFA franc;;266
5100;Afrique;5105;Afrique occidentale;Sub-Saharan Africa;Low income;75;Gambie;The Gambia;Gambia, The;Republic of The Gambia;GMB;GMB;;GM;GM;Gambian dalasi;;270
5300;Asie;5305;Asie occidentale;Europe & Central Asia;Upper middle income;73;Géorgie;Georgia;Georgia;Georgia;GEO;GEO;Ex URSS;GE;GE;Georgian lari;Includes self-governed areas only, which mostly exclude Abkhazia and South Ossetia, but small areas in Abkhazia and South Ossetia are included before 2008 or 2009 because of the changes in self-governed areas.;268
5400;Europe;5403;Europe méridionale;Europe & Central Asia;High income;203;Espagne;Spain;Spain;Kingdom of Spain;ESP;ESP;;ES;ES;Euro;A simple multiplier is used to convert the national currencies of EMU members to euros. The following irrevocable euro conversion rate was adopted by the EU Council on January 1, 1999: 1 euro = 166.386 Spanish peseta. Please note that historical data before 1999 are not actual euros and are not comparable or suitable for aggregation across countries.;724
5100;Afrique;5105;Afrique occidentale;Sub-Saharan Africa;Lower middle income;81;Ghana;Ghana;Ghana;Republic of Ghana;GHA;GHA;;GH;GH;New Ghanaian cedi;The World Bank systematically assesses the appropriateness of official exchange rates as conversion factors. In this country, multiple or dual exchange rate activity exists and must be accounted for appropriately in underlying statistics. An alternative estimate (“alternative conversion factor” - PA.NUS.ATLS) is thus calculated as a weighted average of the different exchange rates in use in the country. Doing so better reflects economic reality and leads to more accurate cross-country comparisons and country classifications by income level. For this country, this applies to the period 1974-1987. Alternative conversion factors are used in the Atlas methodology and elsewhere in World Development Indicators as single-year conversion factors.;288
5400;Europe;5403;Europe méridionale;Europe & Central Asia;High income;84;Grèce;Greece;Greece;Hellenic Republic;GRC;GRC;;GR;GR;Euro;A simple multiplier is used to convert the national currencies of EMU members to euros. The following irrevocable euro conversion rate was adopted by the EU Council on January 1, 1999: 1 euro = 340.75 Greek drachma. Please note that historical data before 1999 are not actual euros and are not comparable or suitable for aggregation across countries.;300
5200;Amériques;5206;Caraïbes;Latin America & Caribbean;Upper middle income;86;Grenade;Grenada;Grenada;Grenada;GRD;GRD;;GD;GD;East Caribbean dollar;;308
5200;Amériques;5204;Amérique centrale;Latin America & Caribbean;Upper middle income;89;Guatemala;Guatemala;Guatemala;Republic of Guatemala;GTM;GTM;;GT;GT;Guatemalan quetzal;The World Bank systematically assesses the appropriateness of official exchange rates as conversion factors. In this country, multiple or dual exchange rate activity exists and must be accounted for appropriately in underlying statistics. An alternative estimate (“alternative conversion factor” - PA.NUS.ATLS) is thus calculated as a weighted average of the different exchange rates in use in the country. Doing so better reflects economic reality and leads to more accurate cross-country comparisons and country classifications by income level. For this country, this applies to the period 1985-2003. Alternative conversion factors are used in the Atlas methodology and elsewhere in World Development Indicators as single-year conversion factors.;320
5100;Afrique;5105;Afrique occidentale;Sub-Saharan Africa;Low income;90;Guinée;Guinea;Guinea;Republic of Guinea;GIN;GIN;;GN;GN;Guinean franc;;324
5100;Afrique;5105;Afrique occidentale;Sub-Saharan Africa;Low income;175;Guinée-Bissau;Guinea-Bissau;Guinea-Bissau;Republic of Guinea-Bissau;GNB;GNB;;GW;GW;West African CFA franc;;624
5200;Amériques;5207;Amérique du Sud;Latin America & Caribbean;Upper middle income;91;Guyana;Guyana;Guyana;Co-operative Republic of Guyana;GUY;GUY;;GY;GY;Guyana dollar;;328
5200;Amériques;5206;Caraïbes;Latin America & Caribbean;Lower middle income;93;Haïti;Haiti;Haiti;Republic of Haiti;HTI;HTI;;HT;HT;Haitian gourde;The reporting period for national accounts data is designated as either calendar year basis (CY) or fiscal year basis (FY). For this country, it is fiscal year-based (fiscal year-end: September 30). Also, an estimate (PA.NUS.ATLS) of the exchange rate covers the same period and thus differs from the official exchange rate (CY).;332
5400;Europe;5401;Europe orientale;Europe & Central Asia;Upper middle income;185;Fédération de Russie;Russia;Russian Federation;Russian Federation;RUS;RUS;Ex URSS;RU;RU;Russian ruble;;643
5400;Europe;5401;Europe orientale;Europe & Central Asia;Upper middle income;185;URSS;Russia;Russian Federation;Russian Federation;RUS;RUS;Russie;RU;RU;Russian ruble;;643
5200;Amériques;5204;Amérique centrale;Latin America & Caribbean;Lower middle income;95;Honduras;Honduras;Honduras;Republic of Honduras;HND;HND;;HN;HN;Honduran lempira;The World Bank systematically assesses the appropriateness of official exchange rates as conversion factors. In this country, multiple or dual exchange rate activity exists and must be accounted for appropriately in underlying statistics. An alternative estimate (“alternative conversion factor” - PA.NUS.ATLS) is thus calculated as a weighted average of the different exchange rates in use in the country. Doing so better reflects economic reality and leads to more accurate cross-country comparisons and country classifications by income level. For this country, this applies to the period 1988-1989. Alternative conversion factors are used in the Atlas methodology and elsewhere in World Development Indicators as single-year conversion factors.;340
5400;Europe;5401;Europe orientale;Europe & Central Asia;High income;97;Hongrie;Hungary;Hungary;Hungary;HUN;HUN;;HU;HU;Hungarian forint;;348
5400;Europe;5402;Europe septentrionale;Europe & Central Asia;High income;99;Islande;Iceland;Iceland;Republic of Iceland;ISL;ISL;;IS;IS;Iceland krona;;352
5300;Asie;5303;Asie méridionale;South Asia;Lower middle income;100;Inde;India;India;Republic of India;IND;IND;;IN;IN;Indian rupee;The reporting period for national accounts data is designated as either calendar year basis (CY) or fiscal year basis (FY). For this country, it is fiscal year-based (fiscal year-end: March 31). Also, an estimate (PA.NUS.ATLS) of the exchange rate covers the same period and thus differs from the official exchange rate (CY).;356
5300;Asie;5304;Asie du Sud-Est;East Asia & Pacific;Lower middle income;101;Indonésie;Indonesia;Indonesia;Republic of Indonesia;IDN;IDN;;ID;ID;Indonesian rupiah;"Fiscal year end: March 31; reporting period for national accounts data: CY. Data for Indonesia include Timor-Leste through 1999 unless otherwise noted.";360
5300;Asie;5303;Asie méridionale;Middle East & North Africa;Lower middle income;102;Iran (République islamique d');Iran;Iran, Islamic Rep.;Islamic Republic of Iran;IRN;IRN;;IR;IR;Iranian rial;"The reporting period for national accounts data is designated as either calendar year basis (CY) or fiscal year basis (FY). For this country, it is fiscal year-based (fiscal year-end: March 20).  

The World Bank systematically assesses the appropriateness of official exchange rates as conversion factors. In this country, multiple or dual exchange rate activity exists and must be accounted for appropriately in underlying statistics. An alternative estimate (“alternative conversion factor” - PA.NUS.ATLS) is thus calculated as a weighted average of the different exchange rates in use in the country. Doing so better reflects economic reality and leads to more accurate cross-country comparisons and country classifications by income level. For this country, this applies to 1972-2021. Alternative conversion factors are used in the Atlas methodology and elsewhere in World Development Indicators as single-year conversion factors.";364
5300;Asie;5305;Asie occidentale;Middle East & North Africa;Upper middle income;103;Iraq;Iraq;Iraq;Republic of Iraq;IRQ;IRQ;;IQ;IQ;Iraqi dinar;;368
5400;Europe;5402;Europe septentrionale;Europe & Central Asia;High income;104;Irlande;Ireland;Ireland;Ireland;IRL;IRL;;IE;IE;Euro;A simple multiplier is used to convert the national currencies of EMU members to euros. The following irrevocable euro conversion rate was adopted by the EU Council on January 1, 1999: 1 euro = 0.787564 Irish pound. Please note that historical data before 1999 are not actual euros and are not comparable or suitable for aggregation across countries.;372
5300;Asie;5305;Asie occidentale;Middle East & North Africa;High income;105;Israël;Israel;Israel;State of Israel;ISR;ISR;Moyen Orient ;IL;IL;Israeli new shekel;;376
5400;Europe;5403;Europe méridionale;Europe & Central Asia;High income;106;Italie;Italy;Italy;Italian Republic;ITA;ITA;;IT;IT;Euro;A simple multiplier is used to convert the national currencies of EMU members to euros. The following irrevocable euro conversion rate was adopted by the EU Council on January 1, 1999: 1 euro = 1936.27 Italian lira. Please note that historical data before 1999 are not actual euros and are not comparable or suitable for aggregation across countries.;380
5200;Amériques;5206;Caraïbes;Latin America & Caribbean;Upper middle income;109;Jamaïque;Jamaica;Jamaica;Jamaica;JAM;JAM;;JM;JM;Jamaican dollar;;388
5300;Asie;5302;Asie orientale;East Asia & Pacific;High income;110;Japon;Japan;Japan;Japan;JPN;JPN;;JP;JP;Japanese yen;"Fiscal year end: March 31; reporting period for national accounts data: CY.";392
5300;Asie;5305;Asie occidentale;Middle East & North Africa;Upper middle income;112;Jordanie;Jordan;Jordan;Hashemite Kingdom of Jordan;JOR;JOR;Moyen Orient ;JO;JO;Jordanian dinar;;400
5300;Asie;5301;Asie centrale;Europe & Central Asia;Upper middle income;108;Kazakhstan;Kazakhstan;Kazakhstan;Republic of Kazakhstan;KAZ;KAZ;Ex URSS (Biélorussie);KZ;KZ;Kazakh tenge;;398
5100;Afrique;5101;Afrique orientale;Sub-Saharan Africa;Lower middle income;114;Kenya;Kenya;Kenya;Republic of Kenya;KEN;KEN;;KE;KE;Kenyan shilling;"Fiscal year end: June 30; reporting period for national accounts data: CY.";404
5500;Océanie;5503;Micronésie;East Asia & Pacific;Lower middle income;83;Kiribati;Kiribati;Kiribati;Republic of Kiribati;KIR;KIR;;KI;KI;Australian dollar;;296
5300;Asie;5305;Asie occidentale;Middle East & North Africa;High income;118;Koweït;Kuwait;Kuwait;State of Kuwait;KWT;KWT;Moyen Orient ;KW;KW;Kuwaiti dinar;;414
5300;Asie;5301;Asie centrale;Europe & Central Asia;Lower middle income;113;Kirghizistan;Kyrgyz Republic;Kyrgyz Republic;Kyrgyz Republic;KGZ;KGZ;Ex URSS;KG;KG;Kyrgyz som;;417
5300;Asie;5304;Asie du Sud-Est;East Asia & Pacific;Lower middle income;120;République démocratique populaire lao;Lao PDR;Lao PDR;Lao People's Democratic Republic;LAO;LAO;;LA;LA;Lao kip;The World Bank systematically assesses the appropriateness of official exchange rates as conversion factors. In this country, multiple or dual exchange rate activity exists and must be accounted for appropriately in underlying statistics. An alternative estimate (“alternative conversion factor” - PA.NUS.ATLS) is thus calculated as a weighted average of the different exchange rates in use in the country. Doing so better reflects economic reality and leads to more accurate cross-country comparisons and country classifications by income level. For this country, this applies to the period 1960-2020. Alternative conversion factors are used in the Atlas methodology and elsewhere in World Development Indicators as single-year conversion factors.;418
5300;Asie;5304;Asie du Sud-Est;East Asia & Pacific;Lower middle income;145;Micronésie (États fédérés de);Micronesia;Micronesia, Fed. Sts.;Federated States of Micronesia;FSM;FSM;Update1;FM;FM;U.S. dollar;"Fiscal year ends on September 30; reporting period for national accounts data: FY. The source for national accounts data is the Pacific and Virgin Islands Training Initiative.";583
5400;Europe;5402;Europe septentrionale;Europe & Central Asia;High income;119;Lettonie;Latvia;Latvia;Republic of Latvia;LVA;LVA;Ex URSS;LV;LV;Euro;A simple multiplier is used to convert the national currencies of EMU members to euros. The following irrevocable euro conversion rate entered into force on January 1, 2014: 1 euro = 0.702804 Latvian lats. Please note that historical data are not actual euros and are not comparable or suitable for aggregation across countries. Based on data from EUROSTAT, the new reference year is 2010.;428
5300;Asie;5305;Asie occidentale;Middle East & North Africa;Lower middle income;121;Liban;Lebanon;Lebanon;Lebanese Republic;LBN;LBN;Moyen Orient ;LB;LB;Lebanese pound;The World Bank systematically assesses the appropriateness of official exchange rates as conversion factors. In this country, multiple or dual exchange rate activity exists and must be accounted for appropriately in underlying statistics. An alternative estimate (“alternative conversion factor” - PA.NUS.ATLS) is thus calculated as a weighted average of the different exchange rates in use in the country. Doing so better reflects economic reality and leads to more accurate cross-country comparisons and country classifications by income level. For this country, this applies to the period 1984-2021. Alternative conversion factors are used in the Atlas methodology and elsewhere in World Development Indicators as single-year conversion factors.;422
5100;Afrique;5104;Afrique australe;Sub-Saharan Africa;Lower middle income;122;Lesotho;Lesotho;Lesotho;Kingdom of Lesotho;LSO;LSO;;LS;LS;Lesotho loti;"Fiscal year end: March 31; reporting period for national accounts data: CY.";426
5400;Europe;5402;Europe septentrionale;Europe & Central Asia;High income;229;Royaume-Uni de Grande-Bretagne et d'Irlande du Nord;United Kingdom;United Kingdom;United Kingdom of Great Britain and Northern Ireland;GBR;GBR;;GB;GB;Pound sterling;;826
5100;Afrique;5105;Afrique occidentale;Sub-Saharan Africa;Low income;123;Libéria;Liberia;Liberia;Republic of Liberia;LBR;LBR;;LR;LR;Liberian dollar;National accounts data are provided in the US dollar.;430
5100;Afrique;5103;Afrique septentrionale;Middle East & North Africa;Upper middle income;124;Libye;Libya;Libya;Socialist People's Libyan Arab Jamahiriya;LBY;LBY;;LY;LY;Libyan dinar;;434
5400;Europe;5402;Europe septentrionale;Europe & Central Asia;High income;126;Lituanie;Lithuania;Lithuania;Republic of Lithuania;LTU;LTU;Ex URSS;LT;LT;Euro;A simple multiplier is used to convert the national currencies of EMU members to euros. The following irrevocable euro conversion rate entered into force on January 1, 2015: 1 euro = 3.45280 Lithuanian litas. Please note that historical data are not actual euros and are not comparable or suitable for aggregation across countries.;440
5500;Océanie;5502;Mélanésie;East Asia & Pacific;Lower middle income;25;Îles Salomon;Solomon Islands;Solomon Islands;Solomon Islands;SLB;SLB;;SB;SB;Solomon Islands dollar;;90
5400;Europe;5404;Europe occidentale;Europe & Central Asia;High income;256;Luxembourg;Luxembourg;Luxembourg;Grand Duchy of Luxembourg;LUX;LUX;;LU;LU;Euro;A simple multiplier is used to convert the national currencies of EMU members to euros. The following irrevocable euro conversion rate was adopted by the EU Council on January 1, 1999: 1 euro = 40.3399 Luxembourg franc. Please note that historical data before 1999 are not actual euros and are not comparable or suitable for aggregation across countries.;442
5100;Afrique;5101;Afrique orientale;Sub-Saharan Africa;Low income;129;Madagascar;Madagascar;Madagascar;Republic of Madagascar;MDG;MDG;;MG;MG;Malagasy ariary;;450
5100;Afrique;5101;Afrique orientale;Sub-Saharan Africa;Low income;130;Malawi;Malawi;Malawi;Republic of Malawi;MWI;MWI;;MW;MW;Malawi kwacha;;454
5300;Asie;5304;Asie du Sud-Est;East Asia & Pacific;Upper middle income;131;Malaisie;Malaysia;Malaysia;Malaysia;MYS;MYS;;MY;MY;Malaysian ringgit;;458
5300;Asie;5303;Asie méridionale;South Asia;Upper middle income;132;Maldives;Maldives;Maldives;Republic of Maldives;MDV;MDV;;MV;MV;Maldivian rufiyaa;;462
5100;Afrique;5105;Afrique occidentale;Sub-Saharan Africa;Low income;133;Mali;Mali;Mali;Republic of Mali;MLI;MLI;;ML;ML;West African CFA franc;;466
5400;Europe;5403;Europe méridionale;Middle East & North Africa;High income;134;Malte;Malta;Malta;Republic of Malta;MLT;MLT;;MT;MT;Euro;"A simple multiplier is used to convert the national currencies of EMU members to euros. The following irrevocable euro conversion rate entered into force on January 1, 2008: 1 euro = 0.4293 Maltese lira. Please note that historical data are not actual euros and are not comparable or suitable for aggregation across countries. National accounts data source from 1995 to 2015 is Eurostat; prior to 1995 is UN.";470
5500;Océanie;5503;Micronésie;East Asia & Pacific;Upper middle income;127;Iles Marshall;Marshall Islands;Marshall Islands;Republic of the Marshall Islands;MHL;MHL;;MH;MH;U.S. dollar;"Fiscal year ends on September 30; reporting period for national accounts data: FY.";584
5100;Afrique;5105;Afrique occidentale;Sub-Saharan Africa;Lower middle income;136;Mauritanie;Mauritania;Mauritania;Islamic Republic of Mauritania;MRT;MRT;;MR;MR;Mauritanian ouguiya;National account data were adjusted to reflect the new banknote (1 new ouguiya = 10 old ouguiya);478
5100;Afrique;5101;Afrique orientale;Sub-Saharan Africa;Upper middle income;137;Maurice;Mauritius;Mauritius;Republic of Mauritius;MUS;MUS;;MU;MU;Mauritian rupee;;480
5200;Amériques;5204;Amérique centrale;Latin America & Caribbean;Upper middle income;138;Mexique;Mexico;Mexico;United Mexican States;MEX;MEX;;MX;MX;Mexican peso;;484
5300;Asie;5302;Asie orientale;East Asia & Pacific;Lower middle income;141;Mongolie;Mongolia;Mongolia;Mongolia;MNG;MNG;;MN;MN;Mongolian tugrik;The World Bank systematically assesses the appropriateness of official exchange rates as conversion factors. In this country, multiple or dual exchange rate activity exists and must be accounted for appropriately in underlying statistics. An alternative estimate (“alternative conversion factor” - PA.NUS.ATLS) is thus calculated as a weighted average of the different exchange rates in use in the country. Doing so better reflects economic reality and leads to more accurate cross-country comparisons and country classifications by income level. For this country, this applies to the period 1991-2004. Alternative conversion factors are used in the Atlas methodology and elsewhere in World Development Indicators as single-year conversion factors.;496
5400;Europe;5403;Europe méridionale;Europe & Central Asia;Upper middle income;273;Monténégro;Montenegro;Montenegro;Montenegro;MNE;MNE;Yougoslavie;ME;ME;Euro;Montenegro declared independence from Serbia and Montenegro on June 3, 2006. Where available, data for each country are shown separately. However, for Serbia, some indicators continue to include data for Montenegro through 2005.;499
5400;Europe;5403;Europe méridionale;Europe & Central Asia;Upper middle income;273;RFS de Yougoslavie;Montenegro;Montenegro;Montenegro;MNE;MNE;Yougoslavie : Monténégro 6Mhab  - Serbie 9Mhab- Kosovo - Macédoine 2Mhab - Bosnie-Herzégovine  3,8Mhab - Croatie 4hba;ME;ME;Euro;Montenegro declared independence from Serbia and Montenegro on June 3, 2006. Where available, data for each country are shown separately. However, for Serbia, some indicators continue to include data for Montenegro through 2005.;499
5100;Afrique;5103;Afrique septentrionale;Middle East & North Africa;Lower middle income;143;Maroc;Morocco;Morocco;Kingdom of Morocco;MAR;MAR;;MA;MA;Moroccan dirham;;504
5100;Afrique;5101;Afrique orientale;Sub-Saharan Africa;Low income;144;Mozambique;Mozambique;Mozambique;Republic of Mozambique;MOZ;MOZ;;MZ;MZ;New Mozambican metical;;508
5300;Asie;5304;Asie du Sud-Est;East Asia & Pacific;Lower middle income;28;Myanmar;Myanmar;Myanmar;Republic of the Union of Myanmar;MMR;MMR;;MM;MM;Myanmar kyat;"The reporting period for national accounts data is designated as either calendar year basis (CY) or fiscal year basis (FY). For this country, it is fiscal year-based (fiscal year-end: September 30). Also, an estimate (PA.NUS.ATLS) of the exchange rate covers the same period and thus differs from the official exchange rate (CY). 	  

In addition, the World Bank systematically assesses the appropriateness of official exchange rates as conversion factors. In this country, multiple or dual exchange rate activity exists and must be accounted for appropriately in underlying statistics. An alternative estimate (“alternative conversion factor” - PA.NUS.ATLS) is thus calculated as a weighted average of the different exchange rates in use in the country. Doing so better reflects economic reality and leads to more accurate cross-country comparisons and country classifications by income level. For this country, this applies to the period 1960-2014. Alternative conversion factors are used in the Atlas methodology and elsewhere in World Development Indicators as single-year conversion factors.";104
5100;Afrique;5104;Afrique australe;Sub-Saharan Africa;Upper middle income;147;Namibie;Namibia;Namibia;Republic of Namibia;NAM;NAM;;NA;NA;Namibian dollar;"Fiscal year end: March 31; reporting period for national accounts data: CY.";516
5500;Océanie;5503;Micronésie;East Asia & Pacific;High income;148;Nauru;Nauru;Nauru;Republic of Nauru;NRU;NRU;;NR;NR;Australian dollar;The reporting period for national accounts data is designated as either calendar year basis (CY) or fiscal year basis (FY). For this country, it is fiscal year-based (fiscal year-end: June 30). Also, an estimate (PA.NUS.ATLS) of the exchange rate covers the same period and thus differs from the official exchange rate (CY).;520
5300;Asie;5303;Asie méridionale;South Asia;Lower middle income;149;Népal;Nepal;Nepal;Nepal;NPL;NPL;;NP;NP;Nepalese rupee;The reporting period for national accounts data is designated as either calendar year basis (CY) or fiscal year basis (FY). For this country, it is fiscal year-based (fiscal year-end: July 14). Also, an estimate (PA.NUS.ATLS) of the exchange rate covers the same period and thus differs from the official exchange rate (CY).;524
5400;Europe;5404;Europe occidentale;Europe & Central Asia;High income;150;Pays-Bas;Netherlands;Netherlands;Kingdom of the Netherlands;NLD;NLD;;NL;NL;Euro;A simple multiplier is used to convert the national currencies of EMU members to euros. The following irrevocable euro conversion rate was adopted by the EU Council on January 1, 1999: 1 euro = 2.20371 Netherlands guilder. Please note that historical data before 1999 are not actual euros and are not comparable or suitable for aggregation across countries.;528
5500;Océanie;5502;Mélanésie;East Asia & Pacific;High income;153;Nouvelle-Calédonie;New Caledonia;New Caledonia;New Caledonia;NCL;NCL;;NC;NC;CFP franc;;540
5500;Océanie;5501;Australie et Nouvelle-Zélande;East Asia & Pacific;High income;156;Nouvelle-Zélande;New Zealand;New Zealand;New Zealand;NZL;NZL;;NZ;NZ;New Zealand dollar;"Fiscal year end: March 31; reporting period for national accounts data: CY.";554
5200;Amériques;5204;Amérique centrale;Latin America & Caribbean;Lower middle income;157;Nicaragua;Nicaragua;Nicaragua;Republic of Nicaragua;NIC;NIC;;NI;NI;Nicaraguan gold cordoba;The World Bank systematically assesses the appropriateness of official exchange rates as conversion factors. In this country, multiple or dual exchange rate activity exists and must be accounted for appropriately in underlying statistics. An alternative estimate (“alternative conversion factor” - PA.NUS.ATLS) is thus calculated as a weighted average of the different exchange rates in use in the country. Doing so better reflects economic reality and leads to more accurate cross-country comparisons and country classifications by income level. For this country, this applies to the period 1988-2006. Alternative conversion factors are used in the Atlas methodology and elsewhere in World Development Indicators as single-year conversion factors.;558
5100;Afrique;5105;Afrique occidentale;Sub-Saharan Africa;Low income;158;Niger;Niger;Niger;Republic of Niger;NER;NER;;NE;NE;West African CFA franc;;562
5100;Afrique;5105;Afrique occidentale;Sub-Saharan Africa;Lower middle income;159;Nigéria;Nigeria;Nigeria;Federal Republic of Nigeria;NGA;NGA;;NG;NG;Nigerian naira;The World Bank systematically assesses the appropriateness of official exchange rates as conversion factors. In this country, multiple or dual exchange rate activity exists and must be accounted for appropriately in underlying statistics. An alternative estimate (“alternative conversion factor” - PA.NUS.ATLS) is thus calculated as a weighted average of the different exchange rates in use in the country. Doing so better reflects economic reality and leads to more accurate cross-country comparisons and country classifications by income level. For this country, this applies to 1970-2020. Alternative conversion factors are used in the Atlas methodology and elsewhere in World Development Indicators as single-year conversion factors.;566
5400;Europe;5403;Europe méridionale;Europe & Central Asia;Upper middle income;154;Macédoine du Nord;North Macedonia;North Macedonia;Republic of North Macedonia;MKD;MKD;Yougoslavie;MK;MK;Macedonian denar;;807
5400;Europe;5402;Europe septentrionale;Europe & Central Asia;High income;162;Norvège;Norway;Norway;Kingdom of Norway;NOR;NOR;;NO;NO;Norwegian krone;;578
5300;Asie;5305;Asie occidentale;Middle East & North Africa;High income;221;Oman;Oman;Oman;Sultanate of Oman;OMN;OMN;Moyen Orient ;OM;OM;Omani rial;;512
5300;Asie;5303;Asie méridionale;South Asia;Lower middle income;165;Pakistan;Pakistan;Pakistan;Islamic Republic of Pakistan;PAK;PAK;;PK;PK;Pakistani rupee;The reporting period for national accounts data is designated as either calendar year basis (CY) or fiscal year basis (FY). For this country, it is fiscal year-based (fiscal year-end: June 30). Also, an estimate (PA.NUS.ATLS) of the exchange rate covers the same period and thus differs from the official exchange rate (CY).;586
5500;Océanie;5503;Micronésie;East Asia & Pacific;Upper middle income;180;République des Palaos;Palau;Palau;Republic of Palau;PLW;PLW;;PW;PW;U.S. dollar;"Fiscal year ends on September 30; reporting period for national accounts data: FY.";585
5300;Asie;5305;Asie occidentale;Middle East & North Africa;Lower middle income;299;Palestine;West Bank and Gaza;West Bank and Gaza;West Bank and Gaza;PSE;PSE;Update2;PS;GZ;Israeli new shekel;National accounts data are provided in the US dollar.;275
5300;Asie;5305;Asie occidentale;Middle East & North Africa;Lower middle income;299;Palestine;West Bank and Gaza;West Bank and Gaza;West Bank and Gaza;PSE;PSE;Uptade1 Aide Alim;PS;GZ;Israeli new shekel;National accounts data are provided in the US dollar.;275
5200;Amériques;5204;Amérique centrale;Latin America & Caribbean;High income;166;Panama;Panama;Panama;Republic of Panama;PAN;PAN;;PA;PA;Panamanian balboa;;591
5500;Océanie;5502;Mélanésie;East Asia & Pacific;Lower middle income;168;Papouasie-Nouvelle-Guinée;Papua New Guinea;Papua New Guinea;The Independent State of Papua New Guinea;PNG;PNG;;PG;PG;Papua New Guinea kina;;598
5200;Amériques;5207;Amérique du Sud;Latin America & Caribbean;Upper middle income;169;Paraguay;Paraguay;Paraguay;Republic of Paraguay;PRY;PRY;;PY;PY;Paraguayan guarani;The World Bank systematically assesses the appropriateness of official exchange rates as conversion factors. In this country, multiple or dual exchange rate activity exists and must be accounted for appropriately in underlying statistics. An alternative estimate (“alternative conversion factor” - PA.NUS.ATLS) is thus calculated as a weighted average of the different exchange rates in use in the country. Doing so better reflects economic reality and leads to more accurate cross-country comparisons and country classifications by income level. For this country, this applies to the period 1982-1988. Alternative conversion factors are used in the Atlas methodology and elsewhere in World Development Indicators as single-year conversion factors.;600
5200;Amériques;5207;Amérique du Sud;Latin America & Caribbean;Upper middle income;170;Pérou;Peru;Peru;Republic of Peru;PER;PER;;PE;PE;Peruvian new sol;The World Bank systematically assesses the appropriateness of official exchange rates as conversion factors. In this country, multiple or dual exchange rate activity exists and must be accounted for appropriately in underlying statistics. An alternative estimate (“alternative conversion factor” - PA.NUS.ATLS) is thus calculated as a weighted average of the different exchange rates in use in the country. Doing so better reflects economic reality and leads to more accurate cross-country comparisons and country classifications by income level. For this country, this applies to the period 1988-2009. Alternative conversion factors are used in the Atlas methodology and elsewhere in World Development Indicators as single-year conversion factors.;604
5300;Asie;5304;Asie du Sud-Est;East Asia & Pacific;Lower middle income;171;Philippines;Philippines;Philippines;Republic of the Philippines;PHL;PHL;;PH;PH;Philippine peso;;608
5400;Europe;5401;Europe orientale;Europe & Central Asia;High income;173;Pologne;Poland;Poland;Republic of Poland;POL;POL;;PL;PL;Polish zloty;;616
5400;Europe;5403;Europe méridionale;Europe & Central Asia;High income;174;Portugal;Portugal;Portugal;Portuguese Republic;PRT;PRT;;PT;PT;Euro;A simple multiplier is used to convert the national currencies of EMU members to euros. The following irrevocable euro conversion rate was adopted by the EU Council on January 1, 1999: 1 euro = 200.482 Portuguese escudo. Please note that historical data before 1999 are not actual euros and are not comparable or suitable for aggregation across countries.;620
5200;Amériques;5206;Caraïbes;Latin America & Caribbean;High income;177;Porto Rico;Puerto Rico;Puerto Rico;Puerto Rico;PRI;PRI;Update1;PR;PR;U.S. dollar;"Fiscal year end: June 30; reporting period for national accounts data: FY.";630
5300;Asie;5305;Asie occidentale;Middle East & North Africa;High income;179;Qatar;Qatar;Qatar;State of Qatar;QAT;QAT;Moyen Orient  (uptade1);QA;QA;Qatari riyal;;634
5300;Asie;5302;Asie orientale;East Asia & Pacific;High income;117;République de Corée;Korea;Korea, Rep.;Republic of Korea;KOR;KOR;;KR;KR;Korean won;;410
5400;Europe;5401;Europe orientale;Europe & Central Asia;Upper middle income;146;République de Moldova;Moldova;Moldova;Republic of Moldova;MDA;MDA;Ex URSS;MD;MD;Moldovan leu;Excluding Transnistria. For 1950-94, World Bank estimates using UN World Population Prospects' growth rates of whole Moldova.;498
5400;Europe;5401;Europe orientale;Europe & Central Asia;High income;183;Roumanie;Romania;Romania;Romania;ROU;ROU;;RO;RO;New Romanian leu;The World Bank systematically assesses the appropriateness of official exchange rates as conversion factors. In this country, multiple or dual exchange rate activity exists and must be accounted for appropriately in underlying statistics. An alternative estimate (“alternative conversion factor” - PA.NUS.ATLS) is thus calculated as a weighted average of the different exchange rates in use in the country. Doing so better reflects economic reality and leads to more accurate cross-country comparisons and country classifications by income level. For this country, this applies to the period 1987-1992. Alternative conversion factors are used in the Atlas methodology and elsewhere in World Development Indicators as single-year conversion factors.;642
5100;Afrique;5101;Afrique orientale;Sub-Saharan Africa;Low income;184;Rwanda;Rwanda;Rwanda;Republic of Rwanda;RWA;RWA;;RW;RW;Rwandan franc;;646
5200;Amériques;5206;Caraïbes;Latin America & Caribbean;High income;188;Saint-Kitts-et-Nevis;St. Kitts and Nevis;St. Kitts and Nevis;St. Kitts and Nevis;KNA;KNA;;KN;KN;East Caribbean dollar;;659
5200;Amériques;5206;Caraïbes;Latin America & Caribbean;Upper middle income;189;Sainte-Lucie;St. Lucia;St. Lucia;St. Lucia;LCA;LCA;;LC;LC;East Caribbean dollar;;662
5100;Afrique;5102;Afrique centrale;Sub-Saharan Africa;Lower middle income;193;Sao Tomé-et-Principe;São Tomé and Principe;São Tomé and Principe;Democratic Republic of São Tomé and Principe;STP;STP;;ST;ST;São Tomé and Principe dobra;National account data were adjusted to reflect the new banknote (1 new Dobra STN = 1000 old Dobra STD);678
5100;Afrique;5105;Afrique occidentale;Sub-Saharan Africa;Lower middle income;195;Sénégal;Senegal;Senegal;Republic of Senegal;SEN;SEN;;SN;SN;West African CFA franc;;686
5400;Europe;5403;Europe méridionale;Europe & Central Asia;Upper middle income;272;Serbie;Serbia;Serbia;Republic of Serbia;SRB;SRB;Yougoslavie;RS;YF;New Serbian dinar;"Montenegro declared independence from Serbia and Montenegro on June 3, 2006. Where available, data for each country are shown separately. However, for Serbia, some indicators, such as those series for which data appear only for Serbia and not Montenegro--e.g., aid, environment, external debt, balance of payments, various social indicators excluding population--continue to include data for Montenegro through 2005. Moreover, data from 1999 onward for Serbia for most indicators exclude data for Kosovo, 1999 being the year when Kosovo became a territory under international administration pursuant to UN Security Council Resolution 1244 (1999); any exceptions are noted. Kosovo became a World Bank member on June 29, 2009; available data are shown separately for Kosovo. In 2011, the Statistical Office of Serbia improved the methodology of national accounts data for 2003 onward. Specifically, the classification of sectors was revised.";688
5100;Afrique;5101;Afrique orientale;Sub-Saharan Africa;High income;196;Seychelles;Seychelles;Seychelles;Republic of Seychelles;SYC;SYC;;SC;SC;Seychelles rupee;;690
5100;Afrique;5105;Afrique occidentale;Sub-Saharan Africa;Low income;197;Sierra Leone;Sierra Leone;Sierra Leone;Republic of Sierra Leone;SLE;SLE;;SL;SL;Sierra Leonean leone;;694
5300;Asie;5304;Asie du Sud-Est;East Asia & Pacific;High income;200;Singapour;Singapore;Singapore;Republic of Singapore;SGP;SGP;Update1;SG;SG;Singapore dollar;"Fiscal year end: March 31; reporting period for national accounts data: CY.";702
5400;Europe;5401;Europe orientale;Europe & Central Asia;High income;199;Slovaquie;Slovak Republic;Slovak Republic;Slovak Republic;SVK;SVK;;SK;SK;Euro;A simple multiplier is used to convert the national currencies of EMU members to euros. The following irrevocable euro conversion rate entered into force on January 1, 2009: 1 euro = 30.126 Slovak koruna. Please note that historical data are not actual euros and are not comparable or suitable for aggregation across countries.;703
5400;Europe;5403;Europe méridionale;Europe & Central Asia;High income;198;Slovénie;Slovenia;Slovenia;Republic of Slovenia;SVN;SVN;;SI;SI;Euro;A simple multiplier is used to convert the national currencies of EMU members to euros. The following irrevocable euro conversion rate entered into force on January 1, 2007: 1 euro = 239.64 Slovenian tolar. Please note that historical data are not actual euros and are not comparable or suitable for aggregation across countries.;705
5100;Afrique;5101;Afrique orientale;Sub-Saharan Africa;Low income;201;Somalie;Somalia;Somalia;Somali Democratic Republic;SOM;SOM;Update1;SO;SO;Somali shilling;The World Bank systematically assesses the appropriateness of official exchange rates as conversion factors. In this country, multiple or dual exchange rate activity exists and must be accounted for appropriately in underlying statistics. An alternative estimate (“alternative conversion factor” - PA.NUS.ATLS) is thus calculated as a weighted average of the different exchange rates in use in the country. Doing so better reflects economic reality and leads to more accurate cross-country comparisons and country classifications by income level. For this country, this applies to the period 1977-2017. Alternative conversion factors are used in the Atlas methodology and elsewhere in World Development Indicators as single-year conversion factors.;706
5100;Afrique;5101;Afrique orientale;Sub-Saharan Africa;Low income;277;Soudan du Sud;South Sudan;South Sudan;Republic of South Sudan;SSD;SSD;Update1;SS;SS;South Sudanese Pound;The reporting period for national accounts data is designated as either calendar year basis (CY) or fiscal year basis (FY). For this country, it is fiscal year-based (fiscal year-end: June 30). Also, an estimate (PA.NUS.ATLS) of the exchange rate covers the same period and thus differs from the official exchange rate (CY).;728
5300;Asie;5303;Asie méridionale;South Asia;Lower middle income;38;Sri Lanka;Sri Lanka;Sri Lanka;Democratic Socialist Republic of Sri Lanka;LKA;LKA;;LK;LK;Sri Lankan rupee;;144
5100;Afrique;5103;Afrique septentrionale;Sub-Saharan Africa;Low income;276;Soudan;Sudan;Sudan;Republic of the Sudan;SDN;SDN;Soudan ex;SD;SD;Sudanese pound;The World Bank systematically assesses the appropriateness of official exchange rates as conversion factors. In this country, multiple or dual exchange rate activity exists and must be accounted for appropriately in underlying statistics. An alternative estimate (“alternative conversion factor” - PA.NUS.ATLS) is thus calculated as a weighted average of the different exchange rates in use in the country. Doing so better reflects economic reality and leads to more accurate cross-country comparisons and country classifications by income level. For this country, this applies to the period 2018-2020. Alternative conversion factors are used in the Atlas methodology and elsewhere in World Development Indicators as single-year conversion factors.;729
5100;Afrique;5103;Afrique septentrionale;Sub-Saharan Africa;Low income;276;Soudan ex;Sudan;Sudan;Republic of the Sudan;SDN;SDN;Soudan ex;SD;SD;Sudanese pound;The World Bank systematically assesses the appropriateness of official exchange rates as conversion factors. In this country, multiple or dual exchange rate activity exists and must be accounted for appropriately in underlying statistics. An alternative estimate (“alternative conversion factor” - PA.NUS.ATLS) is thus calculated as a weighted average of the different exchange rates in use in the country. Doing so better reflects economic reality and leads to more accurate cross-country comparisons and country classifications by income level. For this country, this applies to the period 2018-2020. Alternative conversion factors are used in the Atlas methodology and elsewhere in World Development Indicators as single-year conversion factors.;729
5200;Amériques;5207;Amérique du Sud;Latin America & Caribbean;Upper middle income;207;Suriname;Suriname;Suriname;Republic of Suriname;SUR;SUR;;SR;SR;Suriname dollar;The World Bank systematically assesses the appropriateness of official exchange rates as conversion factors. In this country, multiple or dual exchange rate activity exists and must be accounted for appropriately in underlying statistics. An alternative estimate (“alternative conversion factor” - PA.NUS.ATLS) is thus calculated as a weighted average of the different exchange rates in use in the country. Doing so better reflects economic reality and leads to more accurate cross-country comparisons and country classifications by income level. For this country, this applies to 1989-2021. Alternative conversion factors are used in the Atlas methodology and elsewhere in World Development Indicators as single-year conversion factors.;740
5400;Europe;5402;Europe septentrionale;Europe & Central Asia;High income;210;Suède;Sweden;Sweden;Kingdom of Sweden;SWE;SWE;;SE;SE;Swedish krona;"Fiscal year end: June 30; reporting period for national accounts data: CY.";752
5300;Asie;5305;Asie occidentale;Middle East & North Africa;Low income;212;République arabe syrienne;Syrian Arab Republic;Syrian Arab Republic;Syrian Arab Republic;SYR;SYR;Moyen Orient ;SY;SY;Syrian pound;The World Bank systematically assesses the appropriateness of official exchange rates as conversion factors. In this country, multiple or dual exchange rate activity exists and must be accounted for appropriately in underlying statistics. An alternative estimate (“alternative conversion factor” - PA.NUS.ATLS) is thus calculated as a weighted average of the different exchange rates in use in the country. Doing so better reflects economic reality and leads to more accurate cross-country comparisons and country classifications by income level. For this country, this applies to the period 2011-2017. Alternative conversion factors are used in the Atlas methodology and elsewhere in World Development Indicators as single-year conversion factors.;760
5300;Asie;5301;Asie centrale;Europe & Central Asia;Lower middle income;208;Tadjikistan;Tajikistan;Tajikistan;Republic of Tajikistan;TJK;TJK;Ex URSS;TJ;TJ;Tajik somoni;;762
5300;Asie;5304;Asie du Sud-Est;East Asia & Pacific;Upper middle income;216;Thaïlande;Thailand;Thailand;Kingdom of Thailand;THA;THA;;TH;TH;Thai baht;"Fiscal year end: September 30; reporting period for national accounts data: CY.";764
5300;Asie;5304;Asie du Sud-Est;East Asia & Pacific;Lower middle income;176;Timor-Leste;Timor-Leste;Timor-Leste;Democratic Republic of Timor-Leste;TLS;TLS;;TL;TP;U.S. dollar;;626
5100;Afrique;5105;Afrique occidentale;Sub-Saharan Africa;Low income;217;Togo;Togo;Togo;Republic of Togo;TGO;TGO;;TG;TG;West African CFA franc;;768
5500;Océanie;5504;Polynésie;East Asia & Pacific;Upper middle income;219;Tonga;Tonga;Tonga;Kingdom of Tonga;TON;TON;Update1;TO;TO;Tongan pa'anga;The reporting period for national accounts data is designated as either calendar year basis (CY) or fiscal year basis (FY). For this country, it is fiscal year-based (fiscal year-end: June 30). Also, an estimate (PA.NUS.ATLS) of the exchange rate covers the same period and thus differs from the official exchange rate (CY).;776
5200;Amériques;5206;Caraïbes;Latin America & Caribbean;High income;220;Trinité-et-Tobago;Trinidad and Tobago;Trinidad and Tobago;Republic of Trinidad and Tobago;TTO;TTO;;TT;TT;Trinidad and Tobago dollar;;780
5300;Asie;5301;Asie centrale;Europe & Central Asia;Upper middle income;213;Turkménistan;Turkmenistan;Turkmenistan;Turkmenistan;TKM;TKM;Ex URSS;TM;TM;New Turkmen manat;;795
5100;Afrique;5103;Afrique septentrionale;Middle East & North Africa;Lower middle income;222;Tunisie;Tunisia;Tunisia;Republic of Tunisia;TUN;TUN;;TN;TN;Tunisian dinar;;788
5300;Asie;5305;Asie occidentale;Europe & Central Asia;Upper middle income;223;Turquie;Türkiye;Türkiye;Republic of Türkiye;TUR;TUR;;TR;TR;New Turkish lira;;792
5500;Océanie;5504;Polynésie;East Asia & Pacific;Upper middle income;227;Tuvalu;Tuvalu;Tuvalu;Tuvalu;TUV;TUV;;TV;TV;Australian dollar;;798
5100;Afrique;5101;Afrique orientale;Sub-Saharan Africa;Lower middle income;215;République-Unie de Tanzanie;Tanzania;Tanzania;United Republic of Tanzania;TZA;TZA;;TZ;TZ;Tanzanian shilling;;834
5100;Afrique;5101;Afrique orientale;Sub-Saharan Africa;Low income;226;Ouganda;Uganda;Uganda;Republic of Uganda;UGA;UGA;;UG;UG;Ugandan shilling;"The reporting period for national accounts data is designated as either calendar year basis (CY) or fiscal year basis (FY). For this country, it is fiscal year-based (fiscal year-end: June 30). Also, an estimate (PA.NUS.ATLS) of the exchange rate covers the same period and thus differs from the official exchange rate (CY). 	

In addition, the World Bank systematically assesses the appropriateness of official exchange rates as conversion factors. In this country, multiple or dual exchange rate activity exists and must be accounted for appropriately in underlying statistics. An alternative estimate (“alternative conversion factor” - PA.NUS.ATLS) is thus calculated as a weighted average of the different exchange rates in use in the country. Doing so better reflects economic reality and leads to more accurate cross-country comparisons and country classifications by income level. For this country, this applies to 1960-2009. Alternative conversion factors are used in the Atlas methodology and elsewhere in World Development Indicators as single-year conversion factors.";800
5400;Europe;5401;Europe orientale;Europe & Central Asia;Lower middle income;230;Ukraine;Ukraine;Ukraine;Ukraine;UKR;UKR;Ex URSS;UA;UA;Ukrainian hryvnia;;804
5200;Amériques;5207;Amérique du Sud;Latin America & Caribbean;High income;234;Uruguay;Uruguay;Uruguay;Oriental Republic of Uruguay;URY;URY;;UY;UY;Uruguayan peso;;858
5200;Amériques;5203;Amérique septentrionale;North America;High income;231;États-Unis d'Amérique;United States;United States;United States of America;USA;USA;;US;US;U.S. dollar;;840
5300;Asie;5301;Asie centrale;Europe & Central Asia;Lower middle income;235;Ouzbékistan;Uzbekistan;Uzbekistan;Republic of Uzbekistan;UZB;UZB;Ex URSS;UZ;UZ;Uzbek som;;860
5200;Amériques;5206;Caraïbes;Latin America & Caribbean;Upper middle income;191;Saint-Vincent-et-les Grenadines;St. Vincent and the Grenadines;St. Vincent and the Grenadines;St. Vincent and the Grenadines;VCT;VCT;;VC;VC;East Caribbean dollar;;670
5200;Amériques;5207;Amérique du Sud;Latin America & Caribbean;;236;Venezuela (République bolivarienne du);Venezuela;Venezuela, RB;República Bolivariana de Venezuela;VEN;VEN;;VE;VE;Venezuelan bolivar fuerte;;862
5300;Asie;5304;Asie du Sud-Est;East Asia & Pacific;Lower middle income;237;Viet Nam;Vietnam;Vietnam;Socialist Republic of Vietnam;VNM;VNM;;VN;VN;Vietnamese dong;;704
5500;Océanie;5502;Mélanésie;East Asia & Pacific;Lower middle income;155;Vanuatu;Vanuatu;Vanuatu;Republic of Vanuatu;VUT;VUT;;VU;VU;Vanuatu vatu;;548
5500;Océanie;5504;Polynésie;East Asia & Pacific;Lower middle income;244;Samoa;Samoa;Samoa;Samoa;WSM;WSM;;WS;WS;Samoan tala;The reporting period for national accounts data is designated as either calendar year basis (CY) or fiscal year basis (FY). For this country, it is fiscal year-based (fiscal year-end: June 30). Also, an estimate (PA.NUS.ATLS) of the exchange rate covers the same period and thus differs from the official exchange rate (CY).;882
5300;Asie;5305;Asie occidentale;Middle East & North Africa;Low income;249;Yémen;Yemen;Yemen, Rep.;Republic of Yemen;YEM;YEM;Moyen Orient ;YE;RY;Yemeni rial;The World Bank systematically assesses the appropriateness of official exchange rates as conversion factors. In this country, multiple or dual exchange rate activity exists and must be accounted for appropriately in underlying statistics. An alternative estimate (“alternative conversion factor” - PA.NUS.ATLS) is thus calculated as a weighted average of the different exchange rates in use in the country. Doing so better reflects economic reality and leads to more accurate cross-country comparisons and country classifications by income level. For this country, this applies to 1990-2019. Alternative conversion factors are used in the Atlas methodology and elsewhere in World Development Indicators as single-year conversion factors.;887
5100;Afrique;5104;Afrique australe;Sub-Saharan Africa;Upper middle income;202;Afrique du Sud;South Africa;South Africa;Republic of South Africa;ZAF;ZAF;;ZA;ZA;South African rand;"Fiscal year end: March 31; reporting period for national accounts data: CY.";710
5100;Afrique;5101;Afrique orientale;Sub-Saharan Africa;Low income;251;Zambie;Zambia;Zambia;Republic of Zambia;ZMB;ZMB;;ZM;ZM;New Zambian kwacha;National accounts data were rebased to reflect the January 1, 2013, introduction of the new Zambian kwacha at a rate of 1,000 old kwacha = 1 new kwacha.;894
5100;Afrique;5101;Afrique orientale;Sub-Saharan Africa;Lower middle income;181;Zimbabwe;Zimbabwe;Zimbabwe;Republic of Zimbabwe;ZWE;ZWE;;ZW;ZW;Zimbabwean Dollar;"National Accounts data are reported in Zimbabwean Dollar (ZWL). Before 2017, one ZWL is set to be equal to one USD.

The World Bank systematically assesses the appropriateness of official exchange rates as conversion factors. In this country, multiple or dual exchange rate activity exists and must be accounted for appropriately in underlying statistics. An alternative estimate (“alternative conversion factor” - PA.NUS.ATLS) is thus calculated as a weighted average of the different exchange rates in use in the country. Doing so better reflects economic reality and leads to more accurate cross-country comparisons and country classifications by income level. For this country, this applies to the period 2017-2020. Alternative conversion factors are used in the Atlas methodology and elsewhere in World Development Indicators as single-year conversion factors.";716
5300;Asie;5302;Asie orientale;;;214;Chine, Taiwan Province de;;;;TWN;;;;;;;158
5500;Océanie;5501;Australie et Nouvelle-Zélande;;;47;Cook Islands;;;;COK;;;;;;;184
5500;Océanie;5504;Polynésie;East Asia & Pacific;;160;Niué;;;;NIU;;;;;;;570
